name,id,family,x,y,Rec.P,RecRef.I,RecRef.D,ContQInitial,ContQNonInitial,NumNoun,NounNum,DegWAdj,AdjDegW,GenN,NGen,AdjN,NAdj,PossAff.P,PossPre,PossSuff,ComInst,NPconj,NVconj,DefArt,IndefArt,PronomS,IndefPron,PronDem,DemDis,PronAdnDem,IntRef,GenPron,Gender,Gender.n,NegMorph,NPlural,OrdNum,DistNum,AdpN,DemN,NegV,OXV,RelN,Passive,Optative,Prohibitive,Imperative,AdpPM,PolarQ,PossClass,PossLocus,Reduplication,Future,Past,Aspect,Vper,SOV,Agr.Number,Agr.Gender,Agr.Case,Agr.State,Agr.none,Agr.Role,ClausePosition,Alignment
Old.Albanian,OldAlbanian,Albanian,24.94,37.84,Y,N,N,Y,N,Y,N,Y,N,N,Y,N,Y,Y,,,Identity,And different from with,Identity,Definite word distinct from demonstrative,Indefinite word same as one,Subject affixes on verb,Interrogativebased,Related to remote demonstratives,Twoway contrast,Identical,Identical,3rd person only but also nonsingular,Semantic and formal,Three,Negative particle,Plural suffix,First twoth threeth,,Prepositions,DemonstrativeNoun,NegV,VOX,NounRelative clause,Present,Inflectional optative present,Normal imperative  special negative,Second singular,No person marking,Initial,No possessive classification,Dependent marking,No productive reduplication,No inflectional future,Present no remoteness distinctions,Grammatical marking,A or P argument,SVO,Y,Y,Y,N,N,N,flexibleadjacent,SvAtrxP
Classical.Armenian,ClassicalArmenian,Armenian,38.5,43.5,Y,N,Y,N,Y,Y,Y,Y,N,Y,Y,Y,N,Y,,,Mixed,And different from with,Identity,Demonstrative word used as definite article,No indefinite but definite article,Subject affixes on verb,Interrogativebased,Related for all demonstratives,Threeway contrast,Different inflection,Differentiated,No gender distinctions,No gender,None,Variation between negative word and affix,Plural suffix,First twoth threeth,Marked by mixed or other strategies,Prepositions,Mixed,VNeg,No dominant order,NounRelative clause,Present,Inflectional optative absent,Special imperative  special negative,Second singular,No person marking,No question particle,No possessive classification,Dependent marking,Productive full and partial reduplication,Inflectional future exists,Present no remoteness distinctions,Grammatical marking,Only the A argument,SVO,N,N,N,N,N,N,flexibleadjacent,SvAtrxP
Middle.Breton,MiddleBreton,Celtic,-3.0,48.0,Y,Y,N,Y,N,Y,N,Y,N,N,Y,N,Y,Y,,,Identity,And different from with,Identity,Definite word distinct from demonstrative,Indefinite word same as one,Mixed,Mixed indefinites,Unrelated,Threeway contrast,Identical,Differentiated,3rd person only but also nonsingular,Semantic and formal,Two,Negative particle,Plural suffix,First second threeth,No distributive numerals,Prepositions,NounDemonstrative,NegV,OVX,NounRelative clause,Present,Inflectional optative absent,Normal imperative  special negative,Second singular,Pronouns only,Other position,No possessive classification,Dependent marking,No productive reduplication,Inflectional future exists,Present no remoteness distinctions,Grammatical marking,Only the A argument,No dominant order,N,N,N,N,Y,N,flexibleadjacent,SvAtrvP
Middle.Cornish,MiddleCornish,Celtic,-5.0,50.33,,,,Y,N,Y,N,Y,N,N,Y,N,Y,N,Y,N,Identity,And different from with,Identity,Definite word distinct from demonstrative,Indefinite word same as one,Obligatory pronouns in subject position,Mixed indefinites,Unrelated,Twoway contrast,Different stem,Differentiated,3rd person only but also nonsingular,Semantic and formal,Two,Negative particle,Mixed morphological plural,First second threeth,No distributive numerals,Prepositions,NounDemonstrative,NegV,,NounRelative clause,Present,Inflectional optative absent,Normal imperative  special negative,Second singular,Pronouns only,Other position,No possessive classification,Dependent marking,No productive reduplication,No inflectional future,Present no remoteness distinctions,Grammatical marking,Only the A argument,No dominant order,N,Y,N,N,N,N,flexiblerelational,SvAtrxP
Old.Czech,OldCzech,Slavic,15.0,50.0,Y,N,N,Y,N,Y,N,Y,N,Y,N,Y,N,Y,,,Differentiation,And different from with,Identity,No definite or indefinite article,No definite or indefinite article,Subject affixes on verb,Interrogativebased,Related for all demonstratives,Threeway contrast,Identical,Differentiated,3rd person only but also nonsingular,Semantic and formal,Three,Negative particle,Plural suffix,First second threeth,Marked by suffix,Prepositions,DemonstrativeNoun,NegV,VXO,NounRelative clause,Present,Inflectional optative absent,Normal imperative  normal negative,Second singular and second plural,No person marking,Other position,No possessive classification,Dependent marking,No productive reduplication,Inflectional future exists,Present no remoteness distinctions,Grammatical marking,Only the A argument,SVO,Y,Y,Y,N,N,N,flexiblerelational,SvAtrxP
Middle.Dutch,MiddleDutch,West Germanic,6.0,52.5,,,,Y,N,Y,N,Y,N,Y,Y,Y,N,Y,,,Identity,And different from with,Identity,Definite word distinct from demonstrative,Indefinite word same as one,Obligatory pronouns in subject position,Genericnounbased,Unrelated,Twoway contrast,Identical,Differentiated,3rd person only but also nonsingular,Semantic and formal,Three,Double negation,Plural suffix,First second threeth,,Prepositions,DemonstrativeNoun,NegV,VXO,NounRelative clause,Present,Inflectional optative absent,Normal imperative  normal negative,Second singular,No person marking,No question particle,No possessive classification,Head marking,No productive reduplication,No inflectional future,Present no remoteness distinctions,Grammatical marking,Only the A argument,SVO,Y,Y,N,N,N,N,flexibleadjacent,SvAtrxP
Middle.English,MiddleEnglish,West Germanic,-1.0,52.0,Y,Y,N,Y,N,Y,N,,,Y,N,Y,N,Y,,,Differentiation,And different from with,Identity,Definite word distinct from demonstrative,Indefinite word same as one,Obligatory pronouns in subject position,Mixed indefinites,Unrelated,Twoway contrast,,Differentiated,3rd person only but also nonsingular,Semantic,Two,Negative particle,Plural suffix,First second threeth,,Prepositions,DemonstrativeNoun,VNeg,VXO,NounRelative clause,Present,Inflectional optative absent,Normal imperative  normal negative,Second singular and second plural,No person marking,No question particle,No possessive classification,Dependent marking,No productive reduplication,No inflectional future,Present no remoteness distinctions,No grammatical marking,Only the A argument,SOV,Y,N,N,N,N,N,,SvAtrxP
Old.English,OldEnglish,West Germanic,-1.0,52.0,Y,N,N,Y,N,Y,N,Y,N,Y,N,Y,N,Y,,,Identity,And different from with,Identity,Demonstrative word used as definite article,No definite or indefinite article,Obligatory pronouns in subject position,Interrogativebased,Unrelated,Twoway contrast,Identical,Identical,3rd person only but also nonsingular,Semantic and formal,Three,Negative particle,Plural suffix,First second threeth,Marked by suffix,Prepositions,DemonstrativeNoun,NegV,VXO,NounRelative clause,Present,Inflectional optative absent,Normal imperative  normal negative,Second singular,No person marking,No question particle,No possessive classification,Dependent marking,No productive reduplication,No inflectional future,Present no remoteness distinctions,No grammatical marking,Only the A argument,SVO,Y,Y,N,N,N,N,flexibleadjacent,SvAtrxP
Middle.French,MiddleFrench,Italic,2.0,48.0,,,,Y,N,Y,N,Y,N,N,Y,N,Y,Y,,,Identity,And different from with,Identity,Definite word distinct from demonstrative,Indefinite word same as one,Obligatory pronouns in subject position,Mixed indefinites,Unrelated,No distance contrast,Identical,,3rd person only but also nonsingular,Semantic and formal,Two,Negative particle,Plural suffix,First second threeth,,Prepositions,DemonstrativeNoun,NegV,,NounRelative clause,Present,Inflectional optative absent,Normal imperative  normal negative,Second singular,No person marking,No question particle,No possessive classification,Dependent marking,No productive reduplication,Inflectional future exists,Present no remoteness distinctions,Grammatical marking,Only the A argument,SVO,Y,Y,N,N,N,N,flexibleadjacent,SvAtrxP
Old.French,OldFrench,Italic,2.0,48.0,Y,Y,N,Y,N,Y,N,Y,N,N,Y,N,Y,Y,,,Identity,And different from with,Identity,Definite word distinct from demonstrative,Indefinite word same as one,Subject affixes on verb,Mixed indefinites,Unrelated,Twoway contrast,Identical,Differentiated,3rd person only but also nonsingular,Semantic and formal,Two,Negative particle,Plural suffix,First second threeth,Marked by following word,Prepositions,DemonstrativeNoun,NegV,VXO,NounRelative clause,Present,Inflectional optative absent,Normal imperative  normal negative,Second singular,No person marking,No question particle,No possessive classification,Dependent marking,No productive reduplication,Inflectional future exists,Present no remoteness distinctions,Grammatical marking,Only the A argument,SVO,Y,Y,N,N,N,N,fixedpostmain,SvAtrxP
Old.Frisian,OldFrisian,West Germanic,7.5,53.58,Y,Y,N,Y,N,Y,N,Y,N,Y,N,Y,N,Y,,,Identity,And different from with,Identity,Demonstrative word used as definite article,Indefinite word same as one,Obligatory pronouns in subject position,Interrogativebased,Unrelated,No distance contrast,Identical,Identical,3rd person only but also nonsingular,Semantic and formal,Three,Negative particle,Plural suffix,First second threeth,Marked by suffix,Prepositions,DemonstrativeNoun,NegV,VXO,NounRelative clause,Present,Inflectional optative absent,Normal imperative  normal negative,Second singular,No person marking,No question particle,No possessive classification,Dependent marking,No productive reduplication,No inflectional future,Present no remoteness distinctions,No grammatical marking,Only the A argument,SVO,Y,Y,N,N,N,N,,SvAtrxP
Middle.Greek,MiddleGreek,Greek,23.7,39.3,Y,N,Y,Y,N,Y,N,Y,N,N,Y,Y,N,Y,,,Identity,And different from with,Identity,Definite word distinct from demonstrative,No indefinite but definite article,Subject affixes on verb,Mixed indefinites,Related to nonremote demonstratives,Twoway contrast,Identical,Identical,3rd person only but also nonsingular,Semantic and formal,Three,Negative particle,Plural suffix,First second threeth,Marked by preceding word,Prepositions,DemonstrativeNoun,NegV,VOX,NounRelative clause,Present,Inflectional optative absent,Normal imperative  special negative,Second singular,No person marking,No question particle,No possessive classification,Dependent marking,No productive reduplication,No inflectional future,Present no remoteness distinctions,Grammatical marking,Only the A argument,SVO,Y,Y,Y,N,N,N,,SvAtrxP
Middle.High.German,MiddleHighGerman,West Germanic,10.6,48.25,Y,N,N,Y,N,Y,N,Y,N,Y,N,Y,N,Y,,,Identity,And different from with,Identity,Definite word distinct from demonstrative,Indefinite word same as one,Obligatory pronouns in subject position,Genericnounbased,Unrelated,Twoway contrast,Identical,Differentiated,3rd person only but also nonsingular,Semantic and formal,Three,Double negation,Plural suffix,First second threeth,Marked by preceding word,Prepositions,DemonstrativeNoun,VNeg,VXO,NounRelative clause,Present,Inflectional optative absent,Normal imperative  normal negative,Second singular,No person marking,No question particle,No possessive classification,Dependent marking,No productive reduplication,No inflectional future,Present no remoteness distinctions,No grammatical marking,Only the A argument,SVO,Y,Y,N,N,N,N,flexibleadjacent,SvAtrxP
Old.Icelandic,OldIcelandic,North Germanic,-17.0,65.0,Y,N,Y,Y,N,Y,Y,N,Y,N,Y,Y,Y,Y,,,Identity,And different from with,Identity,Definite word distinct from demonstrative,No indefinite but definite article,Obligatory pronouns in subject position,Interrogativebased,Unrelated,Twoway contrast,Identical,Differentiated,3rd person only but also nonsingular,Semantic and formal,Three,Negative particle,Plural suffix,First second threeth,Marked by suffix,Prepositions,Mixed,NegV,VXO,NounRelative clause,Present,Inflectional optative absent,Normal imperative  normal negative,Second singular,No person marking,No question particle,No possessive classification,Dependent marking,No productive reduplication,No inflectional future,Present no remoteness distinctions,No grammatical marking,Only the A argument,SVO,Y,Y,N,N,N,N,fixedpostmain,SvAtrxP
Middle.Irish,MiddleIrish,Celtic,-8.0,53.0,Y,N,Y,Y,N,Y,N,Y,N,N,Y,N,Y,Y,,,Identity,And different from with,Identity,Definite word distinct from demonstrative,No indefinite but definite article,Subject affixes on verb,Special,Unrelated,Threeway contrast,Identical,Differentiated,3rd person only but also nonsingular,Semantic and formal,Two,Negative particle,Plural suffix,First second threeth,Marked by preceding word,Prepositions,NounDemonstrative,NegV,VOX,NounRelative clause,Present,Inflectional optative absent,Normal imperative  special negative,Second singular,Pronouns only,Initial,No possessive classification,Dependent marking,No productive reduplication,Inflectional future exists,Present no remoteness distinctions,Grammatical marking,Only the A argument,VSO,Y,Y,Y,N,N,N,flexibleadjacent,SvAtrvP
Old.Lithuanian,OldLithuanian,Baltic,24.0,55.0,Y,N,Y,Y,N,Y,N,Y,N,N,Y,Y,N,Y,,,Differentiation,And different from with,Identity,No definite or indefinite article,No definite or indefinite article,Subject affixes on verb,Interrogativebased,Unrelated,Threeway contrast,Identical,Differentiated,3rd person only but also nonsingular,Semantic and formal,Two,Negative affix,Plural suffix,First second threeth,Marked by preceding word,Prepositions,DemonstrativeNoun,NegV,No dominant order,NounRelative clause,Present,Inflectional optative present,Normal imperative  normal negative,Second singular and second plural,No person marking,Initial,No possessive classification,Dependent marking,No productive reduplication,Inflectional future exists,Present no remoteness distinctions,Grammatical marking,Only the A argument,SVO,Y,Y,Y,N,N,N,flexiblerelational,SvAtrxP
Middle.Low.German,MiddleLowGerman,West Germanic,-1.0,52.0,Y,Y,N,Y,N,Y,N,Y,N,Y,N,Y,N,Y,,,Identity,And different from with,Identity,Demonstrative word used as definite article,Indefinite word same as one,Obligatory pronouns in subject position,Mixed indefinites,Unrelated,,Identical,Differentiated,3rd person only but also nonsingular,Semantic and formal,Three,Double negation,Plural suffix,First second threeth,Marked by preceding word,Prepositions,DemonstrativeNoun,VNeg,VXO,NounRelative clause,Present,Inflectional optative absent,Normal imperative  normal negative,Second singular,No person marking,No question particle,No possessive classification,Dependent marking,No productive reduplication,No inflectional future,Present no remoteness distinctions,No grammatical marking,Only the A argument,SVO,Y,Y,N,N,N,N,flexibleadjacent,SvAtrxP
Old.Low.German,OldLowGerman,West Germanic,-1.0,52.0,Y,Y,N,Y,N,Y,N,Y,N,Y,N,Y,N,Y,,,Identity,And different from with,Identity,Demonstrative word used as definite article,Indefinite word same as one,Obligatory pronouns in subject position,Interrogativebased,Unrelated,No distance contrast,Identical,Differentiated,3rd person only but also nonsingular,Semantic and formal,Three,Negative particle,Plural suffix,First second threeth,Marked by suffix,Prepositions,DemonstrativeNoun,NegV,VXO,NounRelative clause,Present,Inflectional optative absent,,Second singular,No person marking,No question particle,No possessive classification,Dependent marking,No productive reduplication,No inflectional future,Present no remoteness distinctions,No grammatical marking,Only the A argument,SVO,Y,Y,N,N,N,Y,flexibleadjacent,SvAtrxP
Old.Norwegian,OldNorwegian,North Germanic,6.06,62.09,Y,N,N,Y,N,Y,N,Y,N,N,Y,Y,N,Y,,,Identity,And different from with,Identity,Demonstrative word used as definite article,No indefinite but definite article,Obligatory pronouns in subject position,Interrogativebased,Unrelated,Twoway contrast,Identical,Differentiated,3rd person only but also nonsingular,Semantic and formal,Three,Negative particle,Plural suffix,First second threeth,Marked by suffix,Prepositions,NounDemonstrative,VNeg,VOX,NounRelative clause,Present,Inflectional optative absent,Normal imperative  normal negative,Second singular,No person marking,No question particle,No possessive classification,Dependent marking,No productive reduplication,No inflectional future,Present no remoteness distinctions,No grammatical marking,Only the A argument,No dominant order,Y,Y,Y,N,N,N,,SvAtrxP
Middle.Persian,MiddlePersian,Iranian,54.0,32.0,Y,N,Y,Y,Y,Y,N,Y,N,Y,Y,Y,Y,N,N,Y,Differentiation,And different from with,Identity,No definite or indefinite article,No definite or indefinite article,Obligatory pronouns in subject position,Mixed indefinites,Related for all demonstratives,Twoway contrast,Identical,,No gender distinctions,Semantic and formal,Two,Negative particle,Plural suffix,First second threeth,Marked by reduplication,No dominant order,DemonstrativeNoun,NegV,No dominant order,NounRelative clause,Present,Inflectional optative present,Normal imperative  special negative,Second singular,Pronouns only,No question particle,No possessive classification,Dependent marking,Full reduplication only,No inflectional future,No past tense,No grammatical marking,A or P argument,SOV,N,N,N,N,N,N,,SvAtrvP
Old.Polish,OldPolish,Slavic,20.0,52.0,,,,Y,N,Y,N,Y,N,N,Y,Y,Y,Y,,,Differentiation,And different from with,Identity,No definite or indefinite article,No definite or indefinite article,Obligatory pronouns in subject position,Interrogativebased,Unrelated,No distance contrast,Identical,,3rd person only but also nonsingular,Semantic and formal,Three,Negative particle,Plural suffix,First second threeth,,Prepositions,DemonstrativeNoun,NegV,VOX,NounRelative clause,Present,Inflectional optative absent,Normal imperative  normal negative,Second singular and second plural,No person marking,Initial,No possessive classification,Dependent marking,No productive reduplication,No inflectional future,Present no remoteness distinctions,Grammatical marking,Only the A argument,SVO,Y,Y,Y,N,N,N,flexibleadjacent,SvAtrxP
Old.Portuguese,OldPortuguese,Italic,-8.0,39.0,,,,Y,N,Y,N,Y,N,N,Y,N,Y,Y,,,Identity,And different from with,Identity,Definite word distinct from demonstrative,Indefinite word same as one,Subject affixes on verb,Special,Unrelated,Fourway contrast,Identical,,3rd person only but also nonsingular,Semantic and formal,Two,Negative particle,Plural suffix,First second threeth,,Prepositions,DemonstrativeNoun,NegV,VOX,NounRelative clause,Present,Inflectional optative absent,Normal imperative  normal negative,Second singular and second plural,No person marking,No question particle,No possessive classification,Dependent marking,No productive reduplication,No inflectional future,Present no remoteness distinctions,Grammatical marking,Only the A argument,SVO,Y,Y,N,N,N,N,,SvAtrxP
Old.Provencal,OldProvencal,Italic,0.6,43.5,Y,Y,N,Y,N,Y,N,Y,N,N,Y,Y,N,Y,,,Identity,And different from with,Identity,Definite word distinct from demonstrative,Indefinite word distinct from one,Subject affixes on verb,Mixed indefinites,Unrelated,Twoway contrast,Identical,,3rd person only but also nonsingular,Semantic and formal,Two,Negative particle,Plural suffix,First second threeth,No distributive numerals,Prepositions,DemonstrativeNoun,NegV,,NounRelative clause,Present,Inflectional optative absent,Normal imperative  normal negative,Second singular,No person marking,No question particle,No possessive classification,Dependent marking,No productive reduplication,Inflectional future exists,Present no remoteness distinctions,Grammatical marking,Only the A argument,SVO,Y,Y,N,N,N,N,flexibleadjacent,SvAtrxP
Old.Russian,OldRussian,Slavic,38.0,56.0,,,,Y,N,Y,N,N,Y,N,Y,Y,Y,Y,,,Differentiation,And different from with,,No definite or indefinite article,No definite or indefinite article,Subject affixes on verb,Interrogativebased,Related to remote demonstratives,Twoway contrast,,Identical,3rd person only but also nonsingular,,Three,Negative particle,Plural suffix,First second threeth,,Prepositions,DemonstrativeNoun,NegV,VXO,NounRelative clause,Present,Inflectional optative absent,Normal imperative  normal negative,Second singular and second plural,No person marking,Other position,No possessive classification,Dependent marking,No productive reduplication,No inflectional future,Present no remoteness distinctions,Grammatical marking,Only the A argument,SOV,Y,Y,N,N,N,Y,,SvAtrxP
Old.Sardinian,OldSardinian,Italic,9.0,40.0,,,,Y,N,Y,N,Y,N,N,Y,N,Y,Y,,,Identity,And different from with,Identity,Definite word distinct from demonstrative,Indefinite word same as one,Subject affixes on verb,Interrogativebased,Unrelated,Threeway contrast,Identical,Differentiated,3rd person only but also nonsingular,Semantic and formal,Two,Negative particle,Plural suffix,First second threeth,Marked by following word,Prepositions,DemonstrativeNoun,NegV,VOX,NounRelative clause,Present,Inflectional optative absent,Normal imperative  normal negative,Second singular and second plural,No person marking,Initial,No possessive classification,Dependent marking,No productive reduplication,No inflectional future,Present 23 remoteness distinctions,Grammatical marking,Only the A argument,SVO,Y,Y,N,N,N,N,,SvAtrxP
Old.Sicilian,OldSicilian,Italic,13.22,38.07,,,,,,Y,N,Y,N,N,Y,N,Y,Y,,,Identity,And different from with,Identity,Definite word distinct from demonstrative,Indefinite word same as one,Subject affixes on verb,Genericnounbased,Related for all demonstratives,Twoway contrast,Identical,,3rd person only but also nonsingular,Semantic and formal,Two,Negative particle,Plural suffix,,,Prepositions,DemonstrativeNoun,NegV,,NounRelative clause,,Inflectional optative absent,Normal imperative  normal negative,,No person marking,No question particle,No possessive classification,Dependent marking,No productive reduplication,Inflectional future exists,Present no remoteness distinctions,Grammatical marking,Only the A argument,SVO,Y,Y,N,N,N,N,,SvAtrxP
Old.Church.Slavic,OldChurchSlavic,Slavic,25.0,42.5,Y,N,Y,Y,N,Y,N,N,Y,N,Y,Y,N,Y,,,Differentiation,And different from with,Identity,No definite or indefinite article,No definite or indefinite article,Obligatory pronouns in subject position,Mixed indefinites,Related for all demonstratives,Threeway contrast,Identical,Differentiated,3rd person only but also nonsingular,Semantic,Three,Negative particle,Plural suffix,First second threeth,,Prepositions,DemonstrativeNoun,NegV,VOX,NounRelative clause,Present,Inflectional optative absent,Normal imperative  normal negative,Second singular and second plural,No person marking,Other position,No possessive classification,Dependent marking,No productive reduplication,No inflectional future,Present no remoteness distinctions,Grammatical marking,Only the A argument,No dominant order,Y,Y,N,N,N,N,,
Old.Spanish,OldSpanish,Italic,-4.0,40.0,,,,,,Y,N,Y,N,N,Y,N,Y,Y,,,Identity,And different from with,Identity,Definite word distinct from demonstrative,Indefinite word distinct from one,Subject affixes on verb,Mixed indefinites,Unrelated,Threeway contrast,Identical,Differentiated,3rd person only but also nonsingular,Semantic and formal,Two,Negative particle,Plural suffix,First second threeth,,Prepositions,DemonstrativeNoun,NegV,VOX,NounRelative clause,Present,Inflectional optative absent,,,No person marking,No question particle,No possessive classification,Dependent marking,No productive reduplication,No inflectional future,Present no remoteness distinctions,Grammatical marking,Only the A argument,SVO,Y,Y,N,N,N,N,fixedpostmain,SvAtrxP
Early.Old.Swedish,EarlyOldSwedish,North Germanic,19.75,64.25,Y,N,Y,Y,N,Y,N,,,Y,Y,Y,Y,Y,,,,And different from with,Identity,Definite affix,No indefinite but definite article,Obligatory pronouns in subject position,Interrogativebased,Unrelated,Twoway contrast,Identical,,3rd person only but also nonsingular,Semantic and formal,Three,Negative particle,Plural suffix,First second threeth,Marked by suffix,Prepositions,NounDemonstrative,VNeg,,NounRelative clause,Present,Inflectional optative absent,,Second singular,No person marking,No question particle,No possessive classification,Dependent marking,No productive reduplication,No inflectional future,Present no remoteness distinctions,No grammatical marking,Only the A argument,SVO,Y,Y,N,N,N,N,flexibleadjacent,SvAtrxP
Old.Tuscan,OldTuscan,Italic,12.6,43.5,,,,Y,N,Y,N,Y,N,N,Y,Y,Y,N,N,Y,Identity,And different from with,Identity,Definite word distinct from demonstrative,Indefinite word same as one,Subject affixes on verb,Mixed indefinites,Unrelated,Threeway contrast,Identical,Differentiated,3rd person only but also nonsingular,Semantic and formal,Two,Negative particle,Plural stem change,First second threeth,Marked by preceding word,Prepositions,DemonstrativeNoun,NegV,VOX,NounRelative clause,Present,Inflectional optative absent,Normal imperative  normal negative,Second singular,No person marking,No question particle,No possessive classification,Dependent marking,No productive reduplication,Inflectional future exists,Present no remoteness distinctions,Grammatical marking,Only the A argument,SVO,Y,Y,N,N,N,N,flexibleadjacent,SvAtrxP
Middle.Welsh,MiddleWelsh,Celtic,-3.0,52.0,Y,N,Y,Y,N,Y,N,Y,Y,N,Y,N,Y,Y,,,Mixed,And identical to with,Identity,Definite word distinct from demonstrative,No indefinite but definite article,Subject affixes on verb,Special,Unrelated,Twoway contrast,Identical,Identical,3rd person only but also nonsingular,Semantic and formal,Two,Negative particle,Mixed morphological plural,First second threeth,Marked by mixed or other strategies,Prepositions,NounDemonstrative,NegV,VOX,NounRelative clause,Present,Inflectional optative absent,Normal imperative  special negative,Second singular,Pronouns only,Initial,No possessive classification,No marking,No productive reduplication,No inflectional future,Present no remoteness distinctions,Grammatical marking,Only the A argument,VSO,Y,N,N,N,N,N,flexiblerelational,SvAtrvP
Achaemenid Elamite,AchaemenidElamite,Elamite,48.23,31.18,,,,,,,,,,N,Y,N,Y,,,,,,Identity,Definite affix,No indefinite but definite article,Subject affixes on verb,Special,Related for all demonstratives,Twoway contrast,Identical,Differentiated,3rd person only but also nonsingular,Semantic and formal,Two,Negative particle,Plural suffix,,,,NounDemonstrative,NegV,,NounRelative clause,,Inflectional optative absent,Special imperative  special negative,Second singular and second plural,No person marking,,,,Productive full and partial reduplication,,,,Only the A argument,No dominant order,,,,,,,,SvAtrxP
Amorite,Amorite,Northwest Semitic,40.72,34.71,,,,,,,,,,N,Y,,,N,N,Y,,,,,,,,,,,,In 3rd person  1st andor 2nd person,Semantic and formal,Two,,Plural stem change,,,,,,,,Present,Inflectional optative present,,Second singular,,,,Double marking,,,Present no remoteness distinctions,,Only the A argument,,N,Y,N,N,N,N,,SvAtrxP
Ancient South Arabian,AncientSouthArabian,Central Semitic,45.35,15.42,,,,,,Y,N,,,Y,N,,,N,N,Y,Identity,And different from with,Identity,Definite affix,Indefinite affix,Optional pronouns in subject position,,Related to remote demonstratives,Twoway contrast,,,In 3rd person  1st andor 2nd person,Semantic and formal,Two,Negative particle,Plural stem change,First two three,,Prepositions,DemonstrativeNoun,NegV,VOX,NounRelative clause,Present,Inflectional optative present,Special imperative  normal negative,,Pronouns only,,,Double marking,No productive reduplication,No inflectional future,Present no remoteness distinctions,No grammatical marking,Only the A argument,VSO,Y,Y,Y,Y,N,N,fixedpostmain,SvAtrxP
Arabic,Arabic,Central Semitic,33.12,29.63,N,N,N,Y,N,Y,N,N,Y,N,Y,N,Y,N,N,Y,Differentiation,And different from with,Identity,Definite affix,Indefinite affix,Subject affixes on verb,Interrogativebased,Unrelated,Twoway contrast,Identical,Identical,In 3rd person  1st andor 2nd person,Semantic and formal,Two,Negative particle,Plural stem change,First two three,Marked by mixed or other strategies,Prepositions,NounDemonstrative,NegV,VOX,NounRelative clause,Present,Inflectional optative absent,Special imperative  normal negative,Second singular and second plural,Pronouns only,Initial,No possessive classification,Double marking,Productive full and partial reduplication,No inflectional future,No past tense,Grammatical marking,Only the A argument,VSO,Y,Y,Y,Y,N,N,flexiblerelational,SvAtrxP
Coptic,Coptic,Egyptian,31.0,29.4,Y,N,Y,N,Y,Y,N,,,N,Y,N,Y,N,Y,N,,And identical to with,Identity,Definite word distinct from demonstrative,Indefinite word distinct from one,Obligatory pronouns in subject position,Genericnounbased,Unrelated,Threeway contrast,Different stem,,In 3rd person  1st andor 2nd person,Semantic and formal,Two,Variation between negative word and affix,Plural word,First two three,Marked by reduplication,Prepositions,DemonstrativeNoun,NegV,XVO,NounRelative clause,Present,Inflectional optative present,Special imperative  special negative,Second person numberneutral,Pronouns only,Initial,No possessive classification,Dependent marking,Full reduplication only,Inflectional future exists,Present 23 remoteness distinctions,Grammatical marking,No person marking,,N,Y,N,N,N,N,fixedpostmain,SvAtrvP
Dumaitic North Arabian,DumaiticNorthArabian,Central Semitic,39.89,29.8,,,,,,Y,N,,,N,Y,N,Y,N,N,Y,Differentiation,And different from with,Identity,Definite affix,No indefinite but definite article,Subject affixes on verb,,,,,,,Semantic and formal,Two,Negative particle,Plural suffix,,,Prepositions,NounDemonstrative,NegV,,NounRelative clause,,,,Second singular and second plural,Pronouns only,,,,,,,Grammatical marking,Both the A and P arguments,SVO,N,N,N,N,N,N,,
Earlier Egyptian,EarlierEgyptian,Egyptian,30.83,28.38,,,,N,Y,N,Y,,,N,Y,N,Y,N,N,Y,,,,No definite or indefinite article,No definite or indefinite article,Subject affixes on verb,,Unrelated,No distance contrast,Identical,,In 3rd person  1st andor 2nd person,Semantic and formal,Two,Negative particle,Plural suffix,,,Prepositions,NounDemonstrative,NegV,,NounRelative clause,Present,Inflectional optative present,Normal imperative  special negative,Second singular and second plural,Pronouns only,,No possessive classification,No marking,Productive full and partial reduplication,No inflectional future,No past tense,Grammatical marking,Only the A argument,,Y,Y,N,N,N,N,flexibleadjacent,SvAtrvP
Eblaite,Eblaite,East Semitic,36.8,35.8,Y,N,Y,Y,N,Y,N,,,N,Y,N,Y,N,N,Y,Differentiation,And different from with,Identity,No definite or indefinite article,No definite or indefinite article,Optional pronouns in subject position,Interrogativebased,Related to remote demonstratives,Twoway contrast,Identical,Identical,In 3rd person  1st andor 2nd person,Semantic and formal,Two,Negative particle,Plural suffix,Firstoneth twoth threeth,,Prepositions,NounDemonstrative,NegV,OXV,NounRelative clause,Present,Inflectional optative present,Special imperative  special negative,Second singular and second plural,No person marking,No question particle,No possessive classification,Double marking,Productive full and partial reduplication,No inflectional future,No past tense,Grammatical marking,Only the A argument,SOV,Y,Y,Y,N,N,N,flexiblerelational,SvAtrxP
Hasaitic North Arabian,HasaiticNorthArabian,Central Semitic,49.27,25.79,,,,,,Y,N,,,N,Y,N,Y,N,N,Y,Differentiation,And different from with,Identity,No definite or indefinite article,No definite or indefinite article,Subject affixes on verb,,,,,,,Semantic and formal,Two,Negative particle,Plural suffix,,,Prepositions,NounDemonstrative,NegV,No dominant order,NounRelative clause,,,,Second singular and second plural,Pronouns only,,,,,,,Grammatical marking,Both the A and P arguments,,N,N,N,N,N,N,,
Hittite,Hittite,Indo-European,35.0,40.0,Y,N,Y,Y,N,Y,N,,,Y,N,N,Y,N,N,Y,Identity,And different from with,Differentiation,No definite or indefinite article,No definite or indefinite article,Subject affixes on verb,Interrogativebased,Related to remote demonstratives,Threeway contrast,Identical,Differentiated,3rd person only but also nonsingular,Semantic and formal,Two,Negative particle,Plural suffix,,Marked by suffix,Postpositions,DemonstrativeNoun,NegV,,Correlative,Present,Inflectional optative absent,Special imperative  special negative,Second singular and second plural,Pronouns only,No question particle,No possessive classification,Dependent marking,No productive reduplication,No inflectional future,Present no remoteness distinctions,No grammatical marking,Only the A argument,SOV,Y,Y,Y,N,N,N,,SvAtrxP
Hurrian,Hurrian,Hurro-Urartian,43.32,40.73,,,,,,Y,N,,,Y,N,Y,N,N,N,Y,Differentiation,And different from with,Identity,No definite or indefinite article,No definite or indefinite article,Subject affixes on verb,,Unrelated,Threeway contrast,,,No gender distinctions,No gender,None,Negative affix,Plural prefix,Oneth twoth threeth,,Postpositions,,,No dominant order,Internally headed,Absent,Inflectional optative present,Normal imperative  normal negative,Second singular and second plural,,,,Dependent marking,,Inflectional future exists,Present no remoteness distinctions,No grammatical marking,A or P argument,SOV,,,,,,,,SvPxAtr
Imperial Aramaic,ImperialAramaic,Northwest Semitic,42.19,33.91,,,,Y,N,Y,Y,,,N,Y,N,Y,N,N,Y,,,,Definite affix,Indefinite affix,Subject affixes on verb,Mixed indefinites,Unrelated,Twoway contrast,,,In 3rd person  1st andor 2nd person,Semantic and formal,Two,Negative particle,Plural suffix,First two three,,Prepositions,NounDemonstrative,NegV,,NounRelative clause,Present,Inflectional optative present,Special imperative  special negative,Second singular and second plural,,No question particle,,Head marking,Productive full and partial reduplication,No inflectional future,No past tense,Grammatical marking,Both the A and P arguments,VSO,Y,Y,N,Y,N,N,,SvAtrvP
Jewish Babylonian Aramaic,JewishBabylonianAramaic,Northwest Semitic,44.24,32.27,Y,N,Y,N,Y,Y,N,,,N,Y,N,Y,N,N,Y,Differentiation,,,No definite but indefinite article,Indefinite word distinct from one,Subject affixes on verb,Genericnounbased,Related to remote demonstratives,Threeway contrast,Identical,Identical,In 3rd person  1st andor 2nd person,Semantic and formal,Two,Negative particle,Plural suffix,First two three,,Prepositions,DemonstrativeNoun,NegV,No dominant order,NounRelative clause,Present,Inflectional optative absent,Special imperative  special negative,Second singular and second plural,Pronouns only,Initial,,Head marking,Productive full and partial reduplication,Inflectional future exists,Present no remoteness distinctions,No grammatical marking,Only the A argument,No dominant order,Y,Y,N,Y,N,N,flexiblerelational,SvAtrvP
Jewish Palestinian Aramaic,JewishPalestinianAramaic,Northwest Semitic,35.2,32.28,,,,Y,N,Y,Y,,,N,Y,N,Y,N,N,Y,,,,No definite but indefinite article,Indefinite word distinct from one,Subject affixes on verb,,Related to remote demonstratives,Twoway contrast,Different stem,,In 3rd person  1st andor 2nd person,Semantic and formal,Two,Negative particle,Plural suffix,First two three,Marked by reduplication,Prepositions,DemonstrativeNoun,NegV,,NounRelative clause,Present,,Special imperative  special negative,Second singular and second plural,,No question particle,No possessive classification,Head marking,Productive full and partial reduplication,Inflectional future exists,Present no remoteness distinctions,No grammatical marking,Both the A and P arguments,VSO,Y,Y,N,Y,N,N,,SvAtrvP
Later Egyptian,LaterEgyptian,Egyptian,31.21,29.47,,,,N,Y,N,Y,,,N,Y,N,Y,N,N,Y,,,,Definite affix,Indefinite word distinct from one,Subject affixes on verb,,Unrelated,No distance contrast,Identical,,In 3rd person  1st andor 2nd person,Semantic and formal,Two,Negative particle,Plural suffix,,,Prepositions,DemonstrativeNoun,NegV,,NounRelative clause,Present,Inflectional optative present,Normal imperative  special negative,Second singular and second plural,Pronouns only,,No possessive classification,No marking,Productive full and partial reduplication,Inflectional future exists,Present no remoteness distinctions,,Only the A argument,,Y,Y,N,N,N,N,flexibleadjacent,SvAtrvP
Luwian,Luwian,Indo-European,36.0,38.0,,,,,,,,,,,,,,Y,,,Differentiation,And different from with,Identity,,,Subject affixes on verb,Interrogativebased,Related to remote demonstratives,Twoway contrast,,,3rd person singular only,Semantic and formal,Two,Negative particle,Plural suffix,Oneth twoth threeth,,,,,,,Present,Inflectional optative present,Special imperative  normal negative,Second singular and second plural,,,No possessive classification,Dependent marking,,No inflectional future,Present no remoteness distinctions,No grammatical marking,Only the A argument,SOV,Y,Y,Y,N,N,N,,SvAtrxP
Mandaic Aramaic,MandaicAramaic,Northwest Semitic,49.57,36.12,,,,Y,N,Y,Y,,,N,Y,N,Y,N,N,Y,,,,No definite but indefinite article,Indefinite word distinct from one,Subject affixes on verb,,Related to nonremote demonstratives,Twoway contrast,Identical,,In 3rd person  1st andor 2nd person,Semantic and formal,Two,Negative particle,Plural suffix,First two three,,Prepositions,DemonstrativeNoun,NegV,,NounRelative clause,Present,Inflectional optative present,Special imperative  special negative,Second singular and second plural,,Initial,,Head marking,Productive full and partial reduplication,Inflectional future exists,Present no remoteness distinctions,No grammatical marking,Both the A and P arguments,No dominant order,Y,Y,N,Y,N,N,,SvAtrvP
Middle Aramaic,MiddleAramaic,Northwest Semitic,35.2,32.28,,,,Y,N,Y,Y,,,N,Y,N,Y,N,N,Y,,,,Definite affix,Indefinite affix,Subject affixes on verb,,Unrelated,Twoway contrast,,,In 3rd person  1st andor 2nd person,Semantic and formal,Two,Negative particle,Plural suffix,First two three,,Prepositions,Mixed,NegV,,NounRelative clause,Present,,Special imperative  special negative,Second singular and second plural,,No question particle,,Head marking,,No inflectional future,No past tense,Grammatical marking,Both the A and P arguments,VSO,Y,Y,N,Y,N,N,,SvAtrvP
Middle Assyrian,MiddleAssyrian,East Semitic,41.15,36.21,Y,N,N,Y,N,Y,N,,,N,Y,N,Y,N,N,Y,Identity,And different from with,Identity,No definite or indefinite article,No definite or indefinite article,Optional pronouns in subject position,Interrogativebased,Unrelated,No distance contrast,Identical,Identical,In 3rd person  1st andor 2nd person,Semantic and formal,Two,Negative particle,Plural suffix,Firstoneth twoth threeth,Marked by mixed or other strategies,Prepositions,NounDemonstrative,NegV,No dominant order,NounRelative clause,Present,Inflectional optative present,Special imperative  special negative,Second singular and second plural,Pronouns only,No question particle,No possessive classification,Double marking,Productive full and partial reduplication,No inflectional future,No past tense,No grammatical marking,Only the A argument,SOV,,,,,,,flexiblerelational,SvAtrxP
Middle Babylonian,MiddleBabylonian,East Semitic,44.51,32.75,Y,N,Y,Y,N,Y,N,,,N,Y,N,Y,N,N,Y,Differentiation,And different from with,Identity,No definite or indefinite article,No definite or indefinite article,Optional pronouns in subject position,Interrogativebased,Related to remote demonstratives,Twoway contrast,Identical,Identical,In 3rd person  1st andor 2nd person,Semantic and formal,Two,Negative particle,Plural suffix,Firstoneth twoth threeth,,Prepositions,NounDemonstrative,NegV,OXV,NounRelative clause,Present,Inflectional optative present,Special imperative  special negative,Second singular and second plural,No person marking,No question particle,No possessive classification,Double marking,Productive full and partial reduplication,No inflectional future,No past tense,Grammatical marking,Only the A argument,SOV,Y,Y,Y,N,N,N,flexiblerelational,SvAtrxP
Middle Egyptian,MiddleEgyptian,Egyptian,30.93,28.41,,,,N,Y,N,Y,N,Y,N,Y,N,Y,N,N,Y,Differentiation,And identical to with,Differentiation,No definite or indefinite article,No definite or indefinite article,Subject affixes on verb,Special,Unrelated,Twoway contrast,Identical,Differentiated,In 3rd person  1st andor 2nd person,Semantic and formal,Two,Negative particle,Plural suffix,First two three,,Prepositions,NounDemonstrative,NegV,VOX,NounRelative clause,Present,Inflectional optative present,Special imperative  special negative,Second singular and second plural,Pronouns only,Initial,No possessive classification,Dependent marking,Productive full and partial reduplication,Inflectional future exists,Present 23 remoteness distinctions,,No person marking,VSO,Y,Y,N,N,N,N,flexibleadjacent,SvAtrvP
Mishnaic Hebrew,MishnaicHebrew,Northwest Semitic,35.17,31.78,N,N,N,Y,N,Y,N,Y,N,N,Y,N,Y,N,N,Y,Differentiation,And different from with,Identity,Definite affix,No indefinite but definite article,Mixed,Interrogativebased,Related to remote demonstratives,Twoway contrast,Identical,Differentiated,In 3rd person  1st andor 2nd person,Semantic and formal,Two,Negative particle,Plural suffix,First twoth threeth,Marked by reduplication,Prepositions,Mixed,NegV,VOX,NounRelative clause,Present,Inflectional optative present,Special imperative  special negative,Second singular and second plural,Pronouns only,Initial,No possessive classification,Head marking,Productive full and partial reduplication,No inflectional future,Present no remoteness distinctions,Grammatical marking,Only the A argument,VSO,N,N,N,N,N,N,fixedpostmain,SvAtrvP
Neo-Assyrian,Neo-Assyrian,East Semitic,41.05,36.31,,,,Y,Y,Y,N,,,N,Y,N,Y,N,N,Y,,,Identity,No definite or indefinite article,No definite or indefinite article,Optional pronouns in subject position,Special,Unrelated,Twoway contrast,Identical,,In 3rd person  1st andor 2nd person,,,Negative particle,Plural suffix,Firstoneth twoth threeth,Marked by suffix,Prepositions,NounDemonstrative,NegV,No dominant order,NounRelative clause,,Inflectional optative present,Special imperative  normal negative,Second singular and second plural,Pronouns only,,No possessive classification,Double marking,Productive full and partial reduplication,No inflectional future,,,Only the A argument,SOV,,,,,,,flexiblerelational,SvAtrxP
Neo-Babylonian,Neo-Babylonian,East Semitic,44.87,32.5,Y,N,Y,Y,N,Y,N,,,N,Y,N,Y,N,N,Y,Differentiation,And different from with,Identity,No definite or indefinite article,No definite or indefinite article,Optional pronouns in subject position,Interrogativebased,Related to remote demonstratives,Twoway contrast,Identical,Identical,In 3rd person  1st andor 2nd person,Semantic and formal,Two,Negative particle,Plural suffix,Firstoneth twoth threeth,,Prepositions,NounDemonstrative,NegV,OXV,NounRelative clause,Present,Inflectional optative present,Special imperative  special negative,Second singular and second plural,No person marking,No question particle,No possessive classification,Double marking,Productive full and partial reduplication,No inflectional future,No past tense,Grammatical marking,Only the A argument,SOV,Y,Y,Y,N,N,N,flexiblerelational,SvAtrxP
Old Akkadian,OldAkkadian,East Semitic,44.1,33.1,Y,N,Y,Y,N,Y,N,,,N,Y,N,Y,N,N,Y,Differentiation,And different from with,Identity,No definite or indefinite article,No definite or indefinite article,Optional pronouns in subject position,Interrogativebased,Related to remote demonstratives,Twoway contrast,Identical,Identical,In 3rd person  1st andor 2nd person,Semantic and formal,Two,Negative particle,Plural suffix,Firstoneth twoth threeth,,Prepositions,NounDemonstrative,NegV,OXV,NounRelative clause,Present,Inflectional optative present,Special imperative  special negative,Second singular and second plural,No person marking,No question particle,No possessive classification,Double marking,Productive full and partial reduplication,No inflectional future,No past tense,Grammatical marking,Only the A argument,SOV,Y,Y,Y,N,N,N,flexiblerelational,SvAtrxP
Old Aramaic,OldAramaic,Northwest Semitic,37.0,32.84,,,,Y,N,Y,Y,,,N,Y,N,Y,N,N,Y,,,,Definite affix,Indefinite affix,Subject affixes on verb,,Unrelated,Twoway contrast,,,In 3rd person  1st andor 2nd person,Semantic and formal,Two,Negative particle,Plural suffix,First two three,,Prepositions,Mixed,NegV,,NounRelative clause,Present,,Special imperative  special negative,Second singular and second plural,,No question particle,,Head marking,,No inflectional future,No past tense,Grammatical marking,Both the A and P arguments,VSO,Y,Y,N,Y,N,N,,SvAtrvP
Old Assyrian,OldAssyrian,East Semitic,40.95,35.88,Y,N,N,Y,N,Y,N,,,N,Y,N,Y,N,N,Y,Identity,And different from with,Identity,No definite or indefinite article,No definite or indefinite article,Optional pronouns in subject position,Interrogativebased,Unrelated,No distance contrast,Identical,Identical,In 3rd person  1st andor 2nd person,Semantic and formal,Two,Negative particle,Plural suffix,Firstoneth twoth threeth,Marked by mixed or other strategies,Prepositions,NounDemonstrative,NegV,No dominant order,NounRelative clause,Present,Inflectional optative present,Special imperative  special negative,Second singular and second plural,Pronouns only,No question particle,No possessive classification,Double marking,Productive full and partial reduplication,No inflectional future,No past tense,No grammatical marking,Only the A argument,SOV,,,,,,,flexiblerelational,SvAtrxP
Old Babylonian,OldBabylonian,East Semitic,44.61,32.61,Y,N,Y,Y,N,Y,N,,,N,Y,N,Y,N,N,Y,Differentiation,And different from with,Identity,No definite or indefinite article,No definite or indefinite article,Optional pronouns in subject position,Interrogativebased,Related to remote demonstratives,Twoway contrast,Identical,Identical,In 3rd person  1st andor 2nd person,Semantic and formal,Two,Negative particle,Plural suffix,Firstoneth twoth threeth,,Prepositions,NounDemonstrative,NegV,OXV,NounRelative clause,Present,Inflectional optative present,Special imperative  special negative,Second singular and second plural,No person marking,No question particle,No possessive classification,Double marking,Productive full and partial reduplication,No inflectional future,No past tense,Grammatical marking,Only the A argument,SOV,Y,Y,Y,N,N,N,flexiblerelational,SvAtrxP
Old Elamite,OldElamite,Elamite,48.23,31.18,,,,,,,,,,N,Y,N,Y,,,,,,Identity,Definite affix,No indefinite but definite article,Subject affixes on verb,Special,Related for all demonstratives,No distance contrast,Identical,Differentiated,3rd person only but also nonsingular,Semantic and formal,Two,Negative word unclear if verb or particle,Plural suffix,,,,NounDemonstrative,NegV,,NounRelative clause,,Inflectional optative absent,Special imperative  special negative,Second person numberneutral,No person marking,,,,Productive full and partial reduplication,,,,Only the A argument,SOV,,,,,,,,SvAtrxP
Phoenician,Phoenician,Northwest Semitic,35.65,34.12,Y,Y,N,Y,N,,,,,N,Y,N,Y,N,N,Y,Differentiation,And different from with,Identity,Definite affix,No indefinite but definite article,Subject affixes on verb,Interrogativebased,Related to remote demonstratives,Twoway contrast,Identical,,In 3rd person  1st andor 2nd person,Semantic and formal,Two,Negative particle,Plural suffix,First two three,,Prepositions,NounDemonstrative,NegV,,NounRelative clause,Present,Inflectional optative present,Special imperative  special negative,Second singular and second plural,Pronouns only,,,Double marking,Productive full and partial reduplication,No inflectional future,Present no remoteness distinctions,Grammatical marking,Both the A and P arguments,VSO,Y,Y,N,N,N,N,,SvAtrvP
Samal,Samal,Northwest Semitic,36.67,37.1,,,,Y,N,Y,Y,,,N,Y,N,Y,N,N,Y,,,,Definite affix,Indefinite affix,Subject affixes on verb,,Unrelated,Twoway contrast,,,In 3rd person  1st andor 2nd person,Semantic and formal,Two,Negative particle,Plural suffix,First two three,,Prepositions,Mixed,NegV,,NounRelative clause,Present,,Special imperative  special negative,Second singular and second plural,,No question particle,,Head marking,Productive full and partial reduplication,No inflectional future,No past tense,Grammatical marking,Both the A and P arguments,VSO,Y,Y,N,Y,N,N,,SvAtrvP
Standard Biblical Hebrew,StandardBiblicalHebrew,Northwest Semitic,35.17,31.78,Y,Y,N,Y,N,Y,N,,,N,Y,N,Y,N,N,Y,Differentiation,And different from with,Identity,Definite affix,No indefinite but definite article,Mixed,Interrogativebased,Related to remote demonstratives,Twoway contrast,Identical,Differentiated,In 3rd person  1st andor 2nd person,Semantic and formal,Two,Negative particle,Plural suffix,First twoth threeth,Marked by reduplication,Prepositions,Mixed,NegV,VOX,NounRelative clause,Present,Inflectional optative present,Special imperative  special negative,Second singular and second plural,Pronouns only,Initial,No possessive classification,Head marking,Productive full and partial reduplication,No inflectional future,No past tense,Grammatical marking,Only the A argument,VSO,N,N,N,N,N,N,,SvAtrvP
Sumerian,Sumerian,Sumerian,45.67,31.3,N,N,N,N,Y,N,Y,,,N,Y,N,Y,Y,,,Differentiation,And different from with,Differentiation,No definite or indefinite article,No definite or indefinite article,Subject affixes on verb,Genericnounbased,Unrelated,Threeway contrast,Different stem,Identical,No gender distinctions,Semantic and formal,Two,Variation between negative word and affix,Plural clitic,First two three,No distributive numerals,No adpositions,NounDemonstrative,Type 1  Type 3,No dominant order,NounRelative clause,Present,Inflectional optative present,Special imperative  normal negative,Second singular and second plural,,No question particle,No possessive classification,Dependent marking,Productive full and partial reduplication,No inflectional future,No past tense,Grammatical marking,Only the A argument,SOV,N,N,N,N,Y,N,flexiblerelational,SvPxAtr
Syriac,Syriac,Northwest Semitic,42.14,37.11,,,,Y,N,Y,Y,,,N,Y,N,Y,N,N,Y,,,,No definite but indefinite article,Indefinite word distinct from one,Subject affixes on verb,,Related to remote demonstratives,Twoway contrast,Identical,,In 3rd person  1st andor 2nd person,Semantic and formal,Two,Negative particle,Plural suffix,First two three,,Prepositions,Mixed,NegV,,NounRelative clause,Present,Inflectional optative absent,Special imperative  special negative,Second singular and second plural,,No question particle,,Head marking,Productive full and partial reduplication,Inflectional future exists,Present no remoteness distinctions,No grammatical marking,Both the A and P arguments,VSO,Y,Y,N,Y,N,N,,SvAtrvP
Ugaritic,Ugaritic,Northwest Semitic,35.78,35.6,Y,Y,N,,,,,,,N,Y,N,Y,N,N,Y,,And different from with,Identity,No definite or indefinite article,No definite or indefinite article,Subject affixes on verb,Interrogativebased,Unrelated,Twoway contrast,Identical,,In 3rd person  1st andor 2nd person,Semantic and formal,Two,,Plural suffix,First two three,Marked by suffix,Prepositions,NounDemonstrative,,,,Present,Inflectional optative present,Special imperative  special negative,Second singular and second plural,,,,Double marking,Productive full and partial reduplication,No inflectional future,No past tense,Grammatical marking,Only the A argument,No dominant order,,,,,,,flexibleadjacent,SvAtrxP
